icao24,callsign,origin_country,time_position,last_contact,longitude,latitude,baro_altitude,on_ground,velocity,true_track,vertical_rate,sensors,geo_altitude,squawk,spi,position_source,timestamp
aa9321,UAL45   ,United States,1721483013,1721483013,0.7648,59.517,9753.6,False,270.24,303.9,0.0,,10081.26,3045,False,0,2024-07-19 10:00:00
407a3b,GCLNN   ,United Kingdom,1721483211,1721483211,0.079,52.6712,518.16,False,31.73,196.97,-0.33,,518.16,,False,0,2024-07-19 10:00:00
aa931d,UAL47   ,United States,1721483211,1721483211,0.3283,55.2218,10363.2,False,269.55,315.08,0.0,,10706.1,2535,False,0,2024-07-19 10:00:00
50035e,EJO1A   ,San Marino,1721483211,1721483211,1.6353,52.0527,7825.74,False,234.74,67.31,8.45,,8138.16,2022,False,0,2024-07-19 10:00:00
3c4b32,DLH402  ,Germany,1721483211,1721483211,-5.2924,56.7918,10363.2,False,276.57,297.47,0.0,,10591.8,0124,False,0,2024-07-19 10:00:00
3c4b35,DLH498  ,Germany,1721483211,1721483212,-2.9112,56.9843,9144.0,False,277.92,312.07,0.33,,9387.84,2552,False,0,2024-07-19 10:00:00
ab048d,DAL163  ,United States,1721483212,1721483212,-4.4049,57.6299,10668.0,False,272.23,311.55,0.0,,10896.6,1033,False,0,2024-07-19 10:00:00
a6e055,LCO2506 ,United States,1721483212,1721483212,-9.1926,53.9722,10668.0,False,247.89,101.01,-0.33,,10828.02,6252,False,0,2024-07-19 10:00:00
407b04,KLM62X  ,United Kingdom,1721483210,1721483210,-1.6768,55.0432,,True,4.89,64.69,,,,2201,False,0,2024-07-19 10:00:00
aa944a,AAL138  ,United States,1721483211,1721483212,-6.6543,53.7614,11887.2,False,256.26,107.53,0.0,,12153.9,5161,False,0,2024-07-19 10:00:00
873312,ANA231  ,Japan,1721483211,1721483211,-0.6092,58.946,12496.8,False,240.69,150.7,0.0,,12839.7,,False,0,2024-07-19 10:00:00
4bc854,PGT3CH  ,Turkey,1721483203,1721483204,-2.2864,53.3696,,True,0.0,132.19,,,,,False,0,2024-07-19 10:00:00
ac1076,AAL151  ,United States,1721483211,1721483212,-2.5867,54.6931,11277.6,False,272.81,326.07,0.0,,11582.4,0664,False,0,2024-07-19 10:00:00
4068cb,EXS6A   ,United Kingdom,1721483211,1721483211,-2.8866,52.5645,10073.64,False,208.17,176.74,0.0,,10363.2,6364,False,0,2024-07-19 10:00:00
505d78,EXS18G  ,Slovakia,1721483104,1721483104,-0.5523,51.9281,5829.3,False,207.18,326.03,-11.05,,6103.62,0622,False,0,2024-07-19 10:00:00
405635,EZY91VJ ,United Kingdom,1721483211,1721483211,-5.5082,54.4983,3634.74,False,168.78,148.59,13.66,,3672.84,6343,False,0,2024-07-19 10:00:00
505d58,EXS42KH ,Slovakia,1721483211,1721483211,-1.8191,52.5174,541.02,False,73.48,146.42,-4.23,,563.88,3511,False,0,2024-07-19 10:00:00
45caba,EIN67G  ,Denmark,1721483211,1721483211,-4.6608,53.7378,6073.14,False,158.21,273.36,-7.48,,6233.16,0621,False,0,2024-07-19 10:00:00
440195,EJU15XR ,Austria,1721483160,1721483168,-2.7155,51.3855,,True,0.0,357.19,,,,1045,False,0,2024-07-19 10:00:00
45caa8,EIN43R  ,Denmark,1721483211,1721483211,-4.0726,52.3549,8976.36,False,231.78,292.58,-4.55,,9265.92,7511,False,0,2024-07-19 10:00:00
440141,EJU16RU ,Austria,1721483211,1721483211,-3.6735,50.4534,7147.56,False,221.96,6.12,-10.4,,7391.4,7456,False,0,2024-07-19 10:00:00
45cab6,DTR6071 ,Denmark,1721483211,1721483211,1.0984,51.5133,2278.38,False,122.46,260.81,-2.6,,2331.72,1133,False,0,2024-07-19 10:00:00
4056b3,,United Kingdom,1721483019,1721483019,-0.5803,52.4566,342.9,False,19.79,261.03,-0.65,,358.14,,False,0,2024-07-19 10:00:00
405761,GDERH   ,United Kingdom,1721483210,1721483210,-1.166,53.7274,678.18,False,28.46,96.23,-0.33,,685.8,5222,False,0,2024-07-19 10:00:00
8004dc,AIC112  ,India,1721483211,1721483211,0.8823,52.0312,7543.8,False,240.28,80.76,10.4,,7810.5,1447,False,0,2024-07-19 10:00:00
abac50,DAL87   ,United States,1721483211,1721483211,-3.1794,56.6047,10363.2,False,259.92,306.14,0.0,,10645.14,2571,False,0,2024-07-19 10:00:00
345643,VLG6307 ,Spain,1721483211,1721483211,-0.0452,50.9328,2743.2,False,140.64,352.43,0.0,,2842.26,7451,False,0,2024-07-19 10:00:00
3c4a01,DLH478  ,Germany,1721483211,1721483211,1.5955,54.2091,10965.18,False,257.18,310.7,0.0,,11353.8,7755,False,0,2024-07-19 10:00:00
c07b42,WJA19   ,Canada,1721483211,1721483211,-0.7093,51.8069,2964.18,False,162.41,356.19,11.7,,3048.0,1417,False,0,2024-07-19 10:00:00
4066b9,EXS72UW ,United Kingdom,1721483104,1721483104,-0.4823,51.6884,6957.06,False,215.39,18.52,-5.2,,7216.14,7513,True,0,2024-07-19 10:00:00
4079d6,GEGBW   ,United Kingdom,1721483212,1721483212,-1.2642,51.7331,579.12,False,43.08,168.29,-1.3,,563.88,1177,False,0,2024-07-19 10:00:00
4079d2,CFE4507 ,United Kingdom,1721483211,1721483211,-0.0627,49.9148,9791.7,False,210.02,163.78,7.48,,10119.36,0574,False,0,2024-07-19 10:00:00
4bb26d,THY3HP  ,Turkey,1721483211,1721483211,0.0155,52.2584,9372.6,False,247.71,94.53,3.58,,9715.5,0212,False,0,2024-07-19 10:00:00
896409,ETD69W  ,United Arab Emirates,1721483210,1721483211,-0.367,51.4779,320.04,False,80.77,269.64,-3.9,,335.28,3560,False,0,2024-07-19 10:00:00
89640a,ETD11B  ,United Arab Emirates,1721483212,1721483212,0.4599,56.7313,10965.18,False,259.88,287.04,0.0,,11323.32,3275,False,0,2024-07-19 10:00:00
406735,EXS23UE ,United Kingdom,1721483211,1721483211,-2.0078,53.2659,2278.38,False,139.68,30.06,-6.83,,2324.1,1057,False,0,2024-07-19 10:00:00
44ce76,BEL8FV  ,Belgium,1721483212,1721483212,-3.1127,55.6436,2773.68,False,157.28,3.94,-4.88,,2819.4,4411,False,0,2024-07-19 10:00:00
406753,EZY65XB ,United Kingdom,1721483211,1721483211,-2.2813,53.3476,,True,0.0,199.69,,,,,False,0,2024-07-19 10:00:00
89630b,UAE34Q  ,United Arab Emirates,1721483179,1721483195,-1.7028,55.0389,,True,0.0,272.81,,,,3433,False,0,2024-07-19 10:00:00
89639c,UAE73J  ,United Arab Emirates,1721483211,1721483212,-1.6554,53.4324,4145.28,False,202.54,105.17,8.13,,4244.34,7537,False,0,2024-07-19 10:00:00
4bb146,THY5AQ  ,Turkey,1721483211,1721483211,1.2092,51.7213,5951.22,False,197.65,263.87,-11.7,,6172.2,3260,False,0,2024-07-19 10:00:00
4067f5,TOM108  ,United Kingdom,1721483211,1721483211,-4.0373,53.6301,7795.26,False,217.64,296.38,8.45,,8008.62,5174,False,0,2024-07-19 10:00:00
47c0d9,NSZ3516 ,Norway,1721483211,1721483211,0.0822,51.1853,1066.8,False,90.62,257.54,-5.2,,1097.28,0756,False,0,2024-07-19 10:00:00
40688d,BAW7J   ,United Kingdom,1721483211,1721483211,-0.5968,51.4916,731.52,False,107.65,301.72,3.9,,746.76,,False,0,2024-07-19 10:00:00
40688f,BAW36   ,United Kingdom,1721483211,1721483211,-0.2486,51.6366,2506.98,False,120.21,219.62,-4.55,,2583.18,3234,False,0,2024-07-19 10:00:00
3965a2,AFR50X  ,France,1721483061,1721483076,-7.6985,57.1717,10363.2,False,275.0,304.79,0.0,,10477.5,5307,False,0,2024-07-19 10:00:00
485ec2,SUZ2    ,Kingdom of the Netherlands,1721483211,1721483211,-2.8609,53.0649,7620.0,False,100.86,114.08,0.0,,7863.84,1446,False,0,2024-07-19 10:00:00
4064bb,EXS74NW ,United Kingdom,1721483186,1721483186,-3.3674,55.9468,,True,0.51,357.19,,,,,False,0,2024-07-19 10:00:00
4077d7,GCRDL   ,United Kingdom,1721483078,1721483078,-3.0344,53.7751,106.68,False,23.93,295.46,-0.98,,83.82,0450,False,0,2024-07-19 10:00:00
4077ba,EXS98RH ,United Kingdom,1721483104,1721483104,-0.0514,51.4149,7924.8,False,237.78,329.44,0.0,,8214.36,4610,False,0,2024-07-19 10:00:00
406591,BAW04A  ,United Kingdom,1721483211,1721483211,-1.8459,53.7745,10317.48,False,264.87,327.45,5.85,,10629.9,7630,False,0,2024-07-19 10:00:00
461f6a,FIN6RD  ,Finland,1721483211,1721483211,-0.1048,51.6497,2743.2,False,131.22,271.35,0.0,,2834.64,3511,False,0,2024-07-19 10:00:00
740822,RJA111  ,Jordan,1721483211,1721483211,1.2723,50.5333,8450.58,False,246.09,324.62,-10.73,,8816.34,4054,False,0,2024-07-19 10:00:00
406544,EZY34TH ,United Kingdom,1721483211,1721483211,-1.397,50.9048,6088.38,False,191.8,212.62,7.48,,6294.12,2026,False,0,2024-07-19 10:00:00
40782b,AUR66V  ,United Kingdom,1721483211,1721483211,-1.2624,52.6842,5181.6,False,147.25,333.88,-0.33,,5311.14,1216,False,0,2024-07-19 10:00:00
e48df5,TAM8084 ,Brazil,1721483211,1721483211,-1.3376,50.4541,6324.6,False,217.62,22.08,-11.05,,6545.58,2372,False,0,2024-07-19 10:00:00
4076ed,EXS85AQ ,United Kingdom,1721483212,1721483212,-2.7476,51.3819,419.1,False,85.99,267.6,12.68,,419.1,,False,0,2024-07-19 10:00:00
4076e5,CRV1    ,United Kingdom,1721483211,1721483211,-5.3201,53.6813,3672.84,False,132.22,269.33,-7.8,,3733.8,0744,False,0,2024-07-19 10:00:00
4076e3,BAW804  ,United Kingdom,1721483196,1721483202,-0.486,51.4665,,True,0.0,90.0,,,,,False,0,2024-07-19 10:00:00
4076e8,BAW219V ,United Kingdom,1721483211,1721483211,-4.9054,56.3203,10972.8,False,280.94,326.05,0.0,,11201.4,1470,False,0,2024-07-19 10:00:00
8964a3,UAE41   ,United Arab Emirates,1721483211,1721483211,0.0299,51.5311,1295.4,False,90.83,184.55,-1.3,,1333.5,3253,False,0,2024-07-19 10:00:00
491313,NJE5CM  ,Portugal,1721483201,1721483209,0.0321,51.3337,,True,0.0,64.69,,,,,False,0,2024-07-19 10:00:00
404090,GBYEA   ,United Kingdom,1721483211,1721483211,-0.35,51.6586,304.8,False,43.52,331.01,0.33,,297.18,,False,0,2024-07-19 10:00:00
4065e9,GHTFU   ,United Kingdom,1721483168,1721483210,-0.3427,54.0839,1341.12,False,79.54,53.95,-11.38,,1546.86,0033,False,0,2024-07-19 10:00:00
4078fa,NHZ652  ,United Kingdom,1721483212,1721483212,-0.0017,57.1393,990.6,False,76.86,94.22,0.33,,998.22,,False,0,2024-07-19 10:00:00
4078fe,EXS41JB ,United Kingdom,1721483211,1721483211,-0.2525,51.9923,10888.98,False,231.33,304.86,-5.2,,11254.74,3267,False,0,2024-07-19 10:00:00
4078f0,EZY82EH ,United Kingdom,1721483211,1721483211,-3.5881,50.8884,5501.64,False,205.21,6.91,-8.45,,5654.04,7453,False,0,2024-07-19 10:00:00
406696,TOM3AX  ,United Kingdom,1721483211,1721483211,-0.7838,52.5353,8968.74,False,237.68,328.99,-10.73,,9281.16,5513,False,0,2024-07-19 10:00:00
40666d,EZY25YM ,United Kingdom,1721483212,1721483212,-3.0748,55.9394,1524.0,False,133.64,4.42,-2.6,,1554.48,4071,False,0,2024-07-19 10:00:00
406674,BAW493U ,United Kingdom,1721483189,1721483189,-0.4302,51.4777,99.06,False,69.97,269.58,-3.25,,106.68,7446,False,0,2024-07-19 10:00:00
40665f,TOM2PL  ,United Kingdom,1721483211,1721483211,-1.1052,52.1285,4754.88,False,189.09,311.8,-15.93,,4914.9,2765,False,0,2024-07-19 10:00:00
40798f,GCLNA   ,United Kingdom,1721482839,1721483208,0.2204,52.2107,312.42,False,39.54,327.76,-2.28,,320.04,,False,0,2024-07-19 10:00:00
406622,GLISS   ,United Kingdom,1721482924,1721482963,0.2753,51.6377,304.8,False,40.97,305.29,-1.3,,320.04,,False,0,2024-07-19 10:00:00
40660e,TOM5CM  ,United Kingdom,1721483211,1721483211,0.0137,51.9289,2880.36,False,148.72,4.96,-2.93,,2971.8,1040,False,0,2024-07-19 10:00:00
40660c,TOM54C  ,United Kingdom,1721483210,1721483211,-2.2884,53.3698,,True,0.0,225.0,,,,,False,0,2024-07-19 10:00:00
407941,GAWGB   ,United Kingdom,1721482870,1721483094,0.1276,51.3183,624.84,False,72.32,278.59,2.28,,632.46,7047,False,0,2024-07-19 10:00:00
407943,BAW118  ,United Kingdom,1721483150,1721483150,-0.4736,51.4748,,True,4.12,180.0,,,,3233,False,0,2024-07-19 10:00:00
40792e,BAW80KA ,United Kingdom,1721483178,1721483178,-0.4614,51.476,,True,7.2,270.0,,,,7745,False,0,2024-07-19 10:00:00
40796b,TOM4LG  ,United Kingdom,1721483211,1721483212,-3.0397,54.8063,7940.04,False,197.66,336.37,-2.28,,8176.26,7445,False,0,2024-07-19 10:00:00
345204,VLG6206 ,Spain,1721483211,1721483212,0.0546,51.0363,2217.42,False,139.13,354.06,-5.53,,2286.0,7514,False,0,2024-07-19 10:00:00
406634,GSYLV   ,United Kingdom,1721483210,1721483211,-2.61,52.8961,3108.96,False,67.98,2.6,1.63,,3169.92,0033,False,0,2024-07-19 10:00:00
4051c4,GCEND   ,United Kingdom,1721483211,1721483211,-0.9462,53.8029,358.14,False,35.54,202.11,-0.33,,350.52,7000,False,0,2024-07-19 10:00:00
4077fc,UKP152  ,United Kingdom,1721483211,1721483211,-2.3544,53.0195,502.92,False,63.36,330.31,0.0,,495.3,,False,0,2024-07-19 10:00:00
c010a8,ACA865  ,Canada,1721483211,1721483211,-1.2264,52.9873,8092.44,False,249.72,331.85,6.18,,8366.76,5446,False,0,2024-07-19 10:00:00
406ec7,BAW9A   ,United Kingdom,1721483211,1721483211,-0.8527,52.3126,5265.42,False,223.87,326.05,7.8,,5410.2,4237,False,0,2024-07-19 10:00:00
49d3ac,BOH713  ,Czech Republic,1721483211,1721483211,-3.3982,50.6992,1836.42,False,116.91,75.47,5.85,,1859.28,,False,0,2024-07-19 10:00:00
406f78,BAW242  ,United Kingdom,1721483211,1721483211,-5.1599,51.8297,11887.2,False,260.14,111.34,-0.33,,12214.86,7657,False,0,2024-07-19 10:00:00
4ca4ef,RYR2252 ,Ireland,1721483211,1721483211,-2.4215,53.3226,1158.24,False,116.85,282.2,15.93,,1158.24,2207,False,0,2024-07-19 10:00:00
4ca4ee,RYR2075 ,Ireland,1721483169,1721483177,-1.3078,52.8314,,True,0.0,267.19,,,,,False,0,2024-07-19 10:00:00
4ca4ed,RYR59RV ,Ireland,1721483212,1721483212,-1.0966,51.3892,7719.06,False,210.96,210.32,9.1,,7962.9,5223,False,0,2024-07-19 10:00:00
c051e2,ACA871  ,Canada,1721483209,1721483210,-6.9603,57.4666,10972.8,False,267.73,315.0,0.0,,11140.44,0655,False,0,2024-07-19 10:00:00
a8d986,N67BP   ,United States,1721483203,1721483203,1.7838,50.2576,2019.3,False,137.22,10.8,-12.68,,2164.08,7732,False,0,2024-07-19 10:00:00
406f3b,TOM052  ,United Kingdom,1721483211,1721483211,-7.7134,51.134,11582.4,False,242.36,271.22,0.0,,11864.34,4443,False,0,2024-07-19 10:00:00
4ca566,RYR45UF ,Ireland,1721483206,1721483209,-2.2669,53.3615,,True,0.06,326.25,,,,7520,False,0,2024-07-19 10:00:00
4ca565,RYR859D ,Ireland,1721483212,1721483212,-6.6787,52.0674,11277.6,False,236.74,96.74,0.0,,11536.68,4445,False,0,2024-07-19 10:00:00
a30b56,N29566  ,United States,1721483211,1721483211,-2.731,52.853,381.0,False,44.09,281.44,-0.98,,365.76,,False,0,2024-07-19 10:00:00
401467,GALNA   ,United Kingdom,1721483207,1721483207,-1.7223,53.0289,670.56,False,34.56,175.73,-0.98,,716.28,,False,0,2024-07-19 10:00:00
406fa1,GFLOE   ,United Kingdom,1721483211,1721483211,-0.4554,51.6014,548.64,False,50.6,161.01,-1.63,,556.26,,False,0,2024-07-19 10:00:00
406fdb,EZY736Y ,United Kingdom,1721483211,1721483212,-2.8113,54.6215,9616.44,False,254.64,324.7,-17.23,,9951.72,4222,False,0,2024-07-19 10:00:00
406fc8,CLF045A ,United Kingdom,1721483210,1721483210,-2.7095,51.3794,,True,0.0,154.69,,,,1140,False,0,2024-07-19 10:00:00
3cc005,AZE68SI ,Germany,1721483211,1721483211,0.5271,51.3327,1554.48,False,151.79,91.17,10.08,,1600.2,7712,False,0,2024-07-19 10:00:00
4014d8,GAPAO   ,United Kingdom,1721483211,1721483211,0.0209,52.0725,510.54,False,30.63,130.91,1.3,,502.92,,False,0,2024-07-19 10:00:00
405d98,GSPED   ,United Kingdom,1721483211,1721483212,-0.4996,53.694,762.0,False,50.93,98.13,0.65,,769.62,4273,False,0,2024-07-19 10:00:00
3e2649,ECA2RT  ,Germany,1721483211,1721483211,1.2756,51.2294,3352.8,False,136.89,354.83,0.33,,3467.1,5714,False,0,2024-07-19 10:00:00
405d11,EZY81UD ,United Kingdom,1721483105,1721483113,-0.1278,51.1567,289.56,False,65.79,257.81,-3.58,,297.18,7533,False,0,2024-07-19 10:00:00
406d95,EZY3451 ,United Kingdom,1721483207,1721483207,-2.8499,53.3364,,True,0.0,264.38,,,,,False,0,2024-07-19 10:00:00
407faa,SXN18   ,United Kingdom,1721482973,1721482973,0.0821,50.9024,137.16,False,27.34,131.19,-1.3,,213.36,,False,0,2024-07-19 10:00:00
406d2c,SRG948  ,United Kingdom,1721483211,1721483211,-4.825,56.149,1912.62,False,67.56,110.5,0.0,,1912.62,,False,0,2024-07-19 10:00:00
406d21,SRD151  ,United Kingdom,1721483211,1721483211,-4.2763,57.3924,495.3,False,51.09,154.98,3.58,,487.68,,False,0,2024-07-19 10:00:00
4ca2cb,EIN525  ,Ireland,1721483211,1721483211,-4.9019,52.732,5646.42,False,182.0,312.94,-10.08,,5829.3,0644,False,0,2024-07-19 10:00:00
406d7a,BAW5    ,United Kingdom,1721483211,1721483211,0.3657,51.1862,3931.92,False,209.41,90.99,10.08,,4069.08,4733,False,0,2024-07-19 10:00:00
4ca303,RYR2JG  ,Ireland,1721483211,1721483211,-2.202,52.9835,6492.24,False,202.67,316.34,12.35,,6667.5,6236,False,0,2024-07-19 10:00:00
3ebd41,GAF633  ,Germany,1721483211,1721483211,-2.6792,56.4027,12184.38,False,248.8,281.45,-0.33,,12481.56,1375,False,0,2024-07-19 10:00:00
407ed8,VIR9J   ,United Kingdom,1721483211,1721483211,-2.3477,53.6465,8717.28,False,241.71,307.65,2.6,,8976.36,1424,False,0,2024-07-19 10:00:00
407eb5,DHK384  ,United Kingdom,1721483096,1721483099,-1.3487,52.8283,,True,0.45,87.19,,,,,False,0,2024-07-19 10:00:00
401240,BAW50EC ,United Kingdom,1721483211,1721483211,-0.5656,51.3479,2148.84,False,139.98,145.78,22.11,,2186.94,,False,0,2024-07-19 10:00:00
407eeb,EXS39BG ,United Kingdom,1721483211,1721483211,-5.2016,53.6706,9700.26,False,229.29,273.22,6.83,,9944.1,5457,False,0,2024-07-19 10:00:00
401407,GAHIZ   ,United Kingdom,1721483023,1721483023,-0.3162,52.0898,83.82,False,26.28,203.05,-0.33,,99.06,,False,0,2024-07-19 10:00:00
48506d,TFL821  ,Kingdom of the Netherlands,1721483211,1721483211,-7.9289,49.9903,11269.98,False,247.23,248.13,-0.33,,11551.92,2146,False,0,2024-07-19 10:00:00
406e65,EZY19FC ,United Kingdom,1721483212,1721483212,0.9571,51.3018,5181.6,False,190.6,96.66,10.4,,5379.72,0555,False,0,2024-07-19 10:00:00
406e58,GCIRW   ,United Kingdom,1721483211,1721483211,-2.4113,53.8298,685.8,False,39.1,180.0,0.0,,678.18,7657,False,0,2024-07-19 10:00:00
405b66,EZY12AF ,United Kingdom,1721483211,1721483211,-4.1145,55.2516,6911.34,False,189.98,151.01,4.55,,7078.98,1427,False,0,2024-07-19 10:00:00
40137b,GRODJ   ,United Kingdom,1721483211,1721483211,-0.7668,52.7559,662.94,False,28.85,50.06,1.63,,670.56,,False,0,2024-07-19 10:00:00
40263e,GBMJD   ,United Kingdom,1721483211,1721483211,-1.3625,52.8338,457.2,False,38.97,312.32,2.6,,441.96,,False,0,2024-07-19 10:00:00
406cab,EXS61B  ,United Kingdom,1721482969,1721482969,0.2551,51.8985,198.12,False,74.24,223.32,-4.23,,205.74,4057,False,0,2024-07-19 10:00:00
503e6a,TRA6U   ,Lithuania,1721483211,1721483212,0.0727,51.3299,10058.4,False,210.17,247.7,0.0,,10431.78,2135,False,0,2024-07-19 10:00:00
406ca3,TOM547  ,United Kingdom,1721483211,1721483211,0.3557,51.0153,3649.98,False,129.96,126.14,-4.88,,3787.14,4026,False,0,2024-07-19 10:00:00
4ca281,EIN894  ,Ireland,1721483211,1721483211,-8.6899,50.9625,7360.92,False,204.47,184.91,6.83,,7543.8,3604,False,0,2024-07-19 10:00:00
4ca294,EIN605P ,Ireland,1721483211,1721483211,-5.5502,53.4727,2438.4,False,124.8,184.02,0.0,,2484.12,7332,False,0,2024-07-19 10:00:00
4ca293,EIN45N  ,Ireland,1721483211,1721483211,-5.8828,53.3865,990.6,False,107.5,294.6,-0.33,,998.22,5724,False,0,2024-07-19 10:00:00
4ca295,EIN8TG  ,Ireland,1721483211,1721483211,-8.4956,51.2313,3025.14,False,148.53,10.38,-7.48,,3101.34,3606,False,0,2024-07-19 10:00:00
4ca27b,RYR1964 ,Ireland,1721483211,1721483211,1.0088,52.2917,10607.04,False,241.16,93.3,-11.38,,11018.52,4642,False,0,2024-07-19 10:00:00
4491e3,OODOC   ,Belgium,1721483211,1721483211,0.6207,51.839,3939.54,False,165.18,68.63,12.68,,4069.08,2062,False,0,2024-07-19 10:00:00
407ffe,GSRXX   ,United Kingdom,1721483208,1721483208,0.0341,51.3353,,True,0.0,64.69,,,,,False,0,2024-07-19 10:00:00
4ca25b,RUK9739 ,Ireland,1721482971,1721482972,-6.7268,55.1128,1546.86,False,115.91,290.53,-5.85,,1554.48,5013,False,0,2024-07-19 10:00:00
406b6d,CFE4519 ,United Kingdom,1721483143,1721483143,-5.8709,54.6164,,True,2.06,216.56,,,,,False,0,2024-07-19 10:00:00
406b62,BAW5PL  ,United Kingdom,1721483104,1721483104,0.0216,51.3996,2743.2,False,130.81,50.43,0.0,,2842.26,5746,False,0,2024-07-19 10:00:00
407e7d,EXS5H   ,United Kingdom,1721483169,1721483204,-2.2807,53.3627,,True,6.69,14.06,,,,7264,False,0,2024-07-19 10:00:00
780654,CSG2531 ,China,1721483211,1721483211,0.7806,51.9378,2225.04,False,117.86,213.97,-7.48,,2301.24,5462,False,0,2024-07-19 10:00:00
a50725,DAL80   ,United States,1721483211,1721483211,-4.9686,56.5238,11277.6,False,220.22,152.3,0.0,,11513.82,6313,False,0,2024-07-19 10:00:00
407e33,EAG83K  ,United Kingdom,1721483212,1721483212,-4.2148,53.8952,5486.4,False,141.99,304.67,0.0,,5593.08,6245,False,0,2024-07-19 10:00:00
407e32,EAI83Z  ,United Kingdom,1721483212,1721483212,-3.6997,51.861,4175.76,False,112.02,302.81,2.28,,4267.2,5413,False,0,2024-07-19 10:00:00
47c98d,NBT31W  ,Norway,1721483211,1721483211,-10.3663,50.0654,11879.58,False,268.78,109.34,0.33,,12245.34,6303,False,0,2024-07-19 10:00:00
40108a,GCJLL   ,United Kingdom,1721483210,1721483210,-2.6059,53.5958,434.34,False,41.88,127.01,0.0,,419.1,7365,False,0,2024-07-19 10:00:00
406b48,VIR316  ,United Kingdom,1721483211,1721483211,0.9212,51.1821,4922.52,False,228.15,96.08,7.48,,5113.02,4744,False,0,2024-07-19 10:00:00
407e60,EZY8850 ,United Kingdom,1721483211,1721483211,0.2225,51.1235,1455.42,False,112.79,28.32,-2.6,,1508.76,2744,False,0,2024-07-19 10:00:00
407e61,EZY67PQ ,United Kingdom,1721483210,1721483211,0.682,50.7329,4876.8,False,152.97,308.72,0.0,,5067.3,7530,False,0,2024-07-19 10:00:00
46dca2,SEH7GA  ,Greece,1721483212,1721483212,0.8749,50.014,10195.56,False,229.59,125.79,4.55,,10599.42,0570,False,0,2024-07-19 10:00:00
407e53,EXS9ZV  ,United Kingdom,1721483211,1721483212,-1.4503,52.2647,3185.16,False,163.16,328.01,-3.9,,3276.6,5737,False,0,2024-07-19 10:00:00
40105f,FRA41   ,United Kingdom,1721483210,1721483211,-6.0259,54.692,769.62,False,58.79,254.26,-2.6,,746.76,5437,False,0,2024-07-19 10:00:00
44061b,EJU71LG ,Austria,1721483210,1721483210,-2.7084,51.3854,,True,1.29,177.19,,,,,False,0,2024-07-19 10:00:00
40104f,EXS48JA ,United Kingdom,1721483211,1721483211,-0.51,51.0802,10363.2,False,248.85,28.53,0.0,,10728.96,5310,False,0,2024-07-19 10:00:00
40104e,GBUNC   ,United Kingdom,1721482981,1721483004,-1.8892,52.8961,586.74,False,29.52,138.53,0.33,,586.74,,False,0,2024-07-19 10:00:00
3949f8,AFR32T  ,France,1721483211,1721483211,-6.906,57.4032,10363.2,False,283.39,315.66,0.0,,10523.22,0640,False,0,2024-07-19 10:00:00
4ca15c,EIN16Y  ,Ireland,1721483211,1721483211,-0.1318,51.4794,1158.24,False,91.76,262.91,0.33,,1196.34,1250,False,0,2024-07-19 10:00:00
406c79,SRD912  ,United Kingdom,1721483211,1721483211,-1.5252,53.3902,670.56,False,64.39,257.07,0.33,,670.56,4266,False,0,2024-07-19 10:00:00
406c71,EZY38TB ,United Kingdom,1721483211,1721483211,-1.9655,53.4675,1341.12,False,103.53,278.57,-7.48,,1379.22,7510,False,0,2024-07-19 10:00:00
407f4c,LOG47RC ,United Kingdom,1721483212,1721483212,-3.1416,52.6051,4876.8,False,151.93,2.72,0.0,,4991.1,6246,False,0,2024-07-19 10:00:00
406c24,GNINJ   ,United Kingdom,1721483211,1721483211,-0.1128,51.832,640.08,False,34.66,174.04,0.98,,640.08,,False,0,2024-07-19 10:00:00
407f43,EAG76L  ,United Kingdom,1721483211,1721483212,-1.9086,53.971,1135.38,False,100.61,48.73,-0.33,,1143.0,5152,False,0,2024-07-19 10:00:00
407f42,EAG21C  ,United Kingdom,1721483212,1721483212,-5.218,54.4351,3421.38,False,150.46,324.46,-7.15,,3451.86,6233,False,0,2024-07-19 10:00:00
407f2b,BAW6RB  ,United Kingdom,1721483211,1721483211,-0.6699,52.0215,3489.96,False,195.51,327.36,5.2,,3589.02,7025,False,0,2024-07-19 10:00:00
407f2c,BAW4LV  ,United Kingdom,1721483211,1721483211,-4.1032,51.5703,11887.2,False,258.78,113.3,0.0,,12207.24,7660,False,0,2024-07-19 10:00:00
407f38,EXS64RG ,United Kingdom,1721483210,1721483211,-2.2876,53.3499,,True,5.66,340.31,,,,7660,False,0,2024-07-19 10:00:00
407f1e,RUK2CT  ,United Kingdom,1721483211,1721483211,0.1532,51.9789,2156.46,False,136.47,46.68,-5.85,,2232.66,6227,False,0,2024-07-19 10:00:00
407f8c,EXS71D  ,United Kingdom,1721483205,1721483209,-1.6755,55.0433,,True,6.17,92.81,,,,0533,False,0,2024-07-19 10:00:00
407f7b,EXS5DP  ,United Kingdom,1721483211,1721483211,-3.4285,51.7004,9387.84,False,211.46,6.99,-11.38,,9685.02,5372,False,0,2024-07-19 10:00:00
407f7a,EZY43DK ,United Kingdom,1721483210,1721483211,-0.0805,51.1632,464.82,False,75.27,257.77,-5.2,,472.44,2747,False,0,2024-07-19 10:00:00
407f85,LOG19H  ,United Kingdom,1721483211,1721483212,-2.9701,52.7255,3657.6,False,119.65,210.2,0.0,,3733.8,6465,False,0,2024-07-19 10:00:00
407f77,GCMPM   ,United Kingdom,1721483208,1721483208,0.0545,53.4842,342.9,False,26.14,169.8,1.3,,342.9,,False,0,2024-07-19 10:00:00
407f67,EZY71QD ,United Kingdom,1721483211,1721483211,-1.0465,50.4212,5974.08,False,204.35,25.34,-9.75,,6202.68,7452,False,0,2024-07-19 10:00:00
406add,EXS71N  ,United Kingdom,1721483211,1721483211,-0.8714,51.3805,8054.34,False,230.01,358.72,-5.85,,8336.28,5520,False,0,2024-07-19 10:00:00
406ae2,SHT9J   ,United Kingdom,1721482961,1721482961,-0.487,51.4749,,True,7.2,270.0,,,,6210,False,0,2024-07-19 10:00:00
407dc0,HLE98   ,United Kingdom,1721483211,1721483211,-1.8273,54.105,678.18,False,59.55,148.78,0.0,,678.18,0020,False,0,2024-07-19 10:00:00
406ac4,EXS5VE  ,United Kingdom,1721483085,1721483089,0.2584,51.9007,213.36,False,74.97,223.33,-3.58,,220.98,2234,False,0,2024-07-19 10:00:00
a2a915,UAL949  ,United States,1721483132,1721483133,-6.4408,58.3124,10363.2,False,289.45,327.78,0.0,,10530.84,5155,False,0,2024-07-19 10:00:00
407c7d,GICET   ,United Kingdom,1721483197,1721483207,1.1329,51.3884,396.24,False,49.7,242.9,1.63,,396.24,,False,0,2024-07-19 10:00:00
3444cc,VLG9KP  ,Spain,1721483211,1721483211,-0.3744,51.1225,1363.98,False,132.19,257.64,10.73,,1394.46,,False,0,2024-07-19 10:00:00
407c11,KLM1034 ,United Kingdom,1721483212,1721483212,-2.0756,53.4895,4693.92,False,175.94,96.21,14.96,,4838.7,6256,False,0,2024-07-19 10:00:00
06a1db,QQE707  ,Qatar,1721483211,1721483211,-0.8269,50.8073,2705.1,False,143.55,48.2,-2.6,,2781.3,7454,False,0,2024-07-19 10:00:00
a014ff,N104QS  ,United States,1721483211,1721483211,-1.7517,52.451,,True,2.57,230.62,,,,0624,True,0,2024-07-19 10:00:00
4cc541,ICE417  ,Iceland,1721483025,1721483026,-8.5642,57.0374,11887.2,False,252.04,321.8,0.0,,12062.46,7654,False,0,2024-07-19 10:00:00
4cc52b,ICE521  ,Iceland,1721483210,1721483211,-4.4987,58.2703,10972.8,False,267.73,315.16,0.33,,11193.78,5474,True,0,2024-07-19 10:00:00
789276,CPA257  ,China,1721483211,1721483211,-0.1471,51.5831,1684.02,False,122.96,105.78,-8.13,,1722.12,3235,False,0,2024-07-19 10:00:00
4cc582,ICE19A  ,Iceland,1721483211,1721483211,-1.0204,52.9728,9692.64,False,257.26,332.36,7.15,,10012.68,1463,False,0,2024-07-19 10:00:00
406a63,EXS9W   ,United Kingdom,1721483211,1721483211,-0.4883,52.1336,10683.24,False,239.07,318.49,-16.26,,11071.86,3273,False,0,2024-07-19 10:00:00
4021ca,INV05   ,United Kingdom,1721483211,1721483211,0.5224,51.2687,670.56,False,41.03,149.9,-0.98,,655.32,7000,False,0,2024-07-19 10:00:00
3e31d8,DIKBO   ,Germany,1721483211,1721483211,1.2769,51.2168,3048.0,False,145.04,355.32,0.0,,3139.44,5341,False,0,2024-07-19 10:00:00
407d5c,WUK3W   ,United Kingdom,1721483211,1721483211,-0.375,50.855,3223.26,False,139.05,79.77,-3.58,,3329.94,2025,False,0,2024-07-19 10:00:00
406a91,EZY76BZ ,United Kingdom,1721483211,1721483211,0.5057,50.8224,4488.18,False,171.21,308.9,-3.25,,4671.06,7523,False,0,2024-07-19 10:00:00
ac68ef,N899YF  ,United States,1721483211,1721483211,-0.2966,51.887,434.34,False,66.43,253.81,-2.93,,434.34,4005,False,0,2024-07-19 10:00:00
80159f,AIC128  ,India,1721483211,1721483211,0.0319,51.3147,2354.58,False,149.19,90.4,6.83,,2423.16,3426,False,0,2024-07-19 10:00:00
407d09,GFOXP   ,United Kingdom,1721483212,1721483212,-0.8386,52.9593,3299.46,False,48.22,219.81,6.5,,3398.52,0033,False,0,2024-07-19 10:00:00
407d01,GIFRV   ,United Kingdom,1721483211,1721483211,-3.0924,56.3215,716.28,False,71.11,234.13,-0.33,,693.42,,False,0,2024-07-19 10:00:00
407d4e,GDWYP   ,United Kingdom,1721482979,1721483125,-1.1668,53.9563,3680.46,False,26.62,228.92,-2.6,,,7130,False,0,2024-07-19 10:00:00
407d36,HLE80   ,United Kingdom,1721483104,1721483104,-0.2883,51.9149,518.16,False,63.79,179.54,-0.33,,533.4,,False,0,2024-07-19 10:00:00
4047cd,GCBZR   ,United Kingdom,1721483207,1721483207,-1.1172,51.3315,594.36,False,59.43,281.99,0.0,,594.36,,False,0,2024-07-19 10:00:00
407bdc,RUK74HF ,United Kingdom,1721483197,1721483210,-2.2685,53.3607,,True,0.0,315.0,,,,,False,0,2024-07-19 10:00:00
aa28f2,AAL133  ,United States,1721482907,1721482907,-6.2534,53.434,,True,5.92,95.62,,,,,False,0,2024-07-19 10:00:00
407ba4,GFBPS   ,United Kingdom,1721483211,1721483212,-0.8659,53.0329,3322.32,False,50.24,145.01,4.23,,3436.62,0033,False,0,2024-07-19 10:00:00
404865,GPBYA   ,United Kingdom,1721483210,1721483210,-2.9301,53.883,411.48,False,55.15,126.66,0.65,,388.62,1177,False,0,2024-07-19 10:00:00
403dc9,GJTPC   ,United Kingdom,1721483050,1721483050,-0.473,53.952,480.06,False,36.61,250.29,0.65,,464.82,,False,0,2024-07-19 10:00:00
4b187f,SWR14V  ,Switzerland,1721483211,1721483211,-5.2449,54.8114,10972.8,False,257.36,311.27,0.0,,11216.64,3077,False,0,2024-07-19 10:00:00
4b1887,SWR54G  ,Switzerland,1721483211,1721483211,-2.5413,53.5907,10972.8,False,250.31,311.75,0.0,,11285.22,3056,False,0,2024-07-19 10:00:00
4008f1,BAW952M ,United Kingdom,1721483211,1721483211,-0.3265,51.3102,1882.14,False,143.55,110.12,-0.33,,1935.48,1175,False,0,2024-07-19 10:00:00
408052,EZY354P ,United Kingdom,1721483212,1721483212,-2.7718,54.2619,9761.22,False,257.41,353.34,0.0,,10043.16,4475,False,0,2024-07-19 10:00:00
45e613,BIO12   ,Denmark,1721483062,1721483170,-0.345,53.5826,35021.52,False,46.43,201.45,-2.6,,,5472,False,0,2024-07-19 10:00:00
a6a45e,,United States,1721483211,1721483211,-0.7856,51.2729,274.32,False,81.9,243.11,14.96,,289.56,,False,0,2024-07-19 10:00:00
4008b2,BAW575  ,United Kingdom,1721483211,1721483211,-0.0504,51.4587,1402.08,False,102.03,299.28,-1.63,,1440.18,2766,False,0,2024-07-19 10:00:00
408095,HLE07   ,United Kingdom,1721483089,1721483089,0.3323,51.4984,68.58,False,1.15,206.57,-0.65,,83.82,0015,False,0,2024-07-19 10:00:00
43eec7,2DOGZ   ,United Kingdom,1721483211,1721483211,0.2797,51.4301,967.74,False,68.47,277.34,0.0,,982.98,2331,False,0,2024-07-19 10:00:00
4080f6,EZY82QN ,United Kingdom,1721483211,1721483211,0.2025,51.256,1653.54,False,146.81,84.37,1.95,,1706.88,3460,False,0,2024-07-19 10:00:00
3c64fa,DLH450  ,Germany,1721483211,1721483211,0.2698,57.6622,9753.6,False,260.19,328.67,0.0,,10050.78,2551,False,0,2024-07-19 10:00:00
4080e9,BAW45T  ,United Kingdom,1721482889,1721482949,-0.4691,51.4759,,True,6.69,216.56,,,,5760,False,0,2024-07-19 10:00:00
4080cb,NJU8KG  ,United Kingdom,1721483211,1721483211,0.5575,51.2614,2453.64,False,118.35,268.75,12.03,,2545.08,7753,False,0,2024-07-19 10:00:00
4009c5,BAW395B ,United Kingdom,1721483211,1721483211,-0.236,51.4783,807.72,False,87.46,270.0,-5.53,,838.2,4417,False,0,2024-07-19 10:00:00
403f4a,GMZLE   ,United Kingdom,1721483207,1721483207,-0.4707,52.8651,716.28,False,25.95,256.24,0.0,,739.14,,False,0,2024-07-19 10:00:00
403bc5,GLORR   ,United Kingdom,1721483035,1721483039,-2.757,52.8431,213.36,False,33.85,223.15,-2.28,,198.12,,False,0,2024-07-19 10:00:00
400879,BAW437Z ,United Kingdom,1721483211,1721483211,0.2248,51.6549,3215.64,False,129.35,259.23,-5.2,,3314.7,6272,False,0,2024-07-19 10:00:00
a5ef0e,UAL619  ,United States,1721483212,1721483212,-7.5623,55.9532,10668.0,False,253.56,308.82,0.33,,10828.02,4423,False,0,2024-07-19 10:00:00
400804,SHT18C  ,United Kingdom,1721483152,1721483152,-2.2033,57.2013,,True,1.03,250.31,,,,7653,False,0,2024-07-19 10:00:00
43c9c7,KRNEWTON,United Kingdom,1721483077,1721483099,-3.3896,55.8744,373.38,False,29.29,239.38,-7.48,,594.36,,False,0,2024-07-19 10:00:00
43c9aa,TPCLIFFE,United Kingdom,1721483208,1721483210,-1.3781,54.2111,91.44,False,0.0,0.0,0.0,,76.2,7143,False,0,2024-07-19 10:00:00
48440f,KLM281  ,Kingdom of the Netherlands,1721483211,1721483212,1.1039,56.7304,10972.8,False,258.04,330.37,0.0,,11338.56,6373,True,0,2024-07-19 10:00:00
4006eb,EXS16T  ,United Kingdom,1721483078,1721483113,-1.6555,53.8688,,False,202.75,328.49,-9.43,,,0566,False,0,2024-07-19 10:00:00
3c6519,DLH422  ,Germany,1721483211,1721483211,0.0784,54.9689,10972.8,False,255.25,308.37,0.0,,11300.46,2536,False,0,2024-07-19 10:00:00
3cc82c,VJH357  ,Germany,1721483211,1721483211,-1.0699,50.661,3246.12,False,173.6,46.8,-5.2,,3329.94,2202,False,0,2024-07-19 10:00:00
06002d,3BPGT   ,Mauritius,1721483204,1721483208,0.0354,51.323,,True,0.0,16.88,,,,,False,0,2024-07-19 10:00:00
408009,GDPAE   ,United Kingdom,1721483211,1721483211,-2.0258,53.9733,914.4,False,64.67,158.54,-1.63,,914.4,2672,False,0,2024-07-19 10:00:00
408000,EZY53XT ,United Kingdom,1721483202,1721483202,-2.2732,53.3587,,True,0.0,180.0,,,,,False,0,2024-07-19 10:00:00
40097c,SHT8A   ,United Kingdom,1721483211,1721483211,-2.9195,54.9905,7139.94,False,214.37,335.77,-9.1,,7360.92,5433,False,0,2024-07-19 10:00:00
400981,,United Kingdom,1721483073,1721483073,-0.4861,51.4723,,True,1.29,270.0,,,,,False,0,2024-07-19 10:00:00
400964,LNX89RS ,United Kingdom,1721483203,1721483208,0.0345,51.3357,,True,0.0,25.31,,,,,False,0,2024-07-19 10:00:00
408026,TOM851  ,United Kingdom,1721483211,1721483212,-1.2484,52.6351,6903.72,False,238.06,317.1,-13.66,,7132.32,4052,False,0,2024-07-19 10:00:00
408012,EZY3250 ,United Kingdom,1721483211,1721483211,1.2525,50.9752,11582.4,False,235.17,325.34,0.33,,12009.12,4065,False,0,2024-07-19 10:00:00
86d9f4,ANA223  ,Japan,1721483211,1721483211,1.6572,56.6973,12496.8,False,240.9,152.67,0.0,,12893.04,,False,0,2024-07-19 10:00:00
40093e,SHT6Y   ,United Kingdom,1721483211,1721483211,-1.6059,53.4602,8542.02,False,226.85,330.82,0.0,,8816.34,6030,False,0,2024-07-19 10:00:00
a2f939,N291AH  ,United States,1721483212,1721483212,-1.777,54.9979,784.86,False,85.44,178.27,8.78,,792.48,7634,False,0,2024-07-19 10:00:00
4007f7,BAW9L   ,United Kingdom,1721483211,1721483211,-3.554,55.2299,10363.2,False,267.22,323.77,0.0,,10645.14,7735,False,0,2024-07-19 10:00:00
4007f3,BAW299  ,United Kingdom,1721483200,1721483202,-7.1929,57.6049,10668.0,False,274.66,314.47,0.0,,10820.4,7735,False,0,2024-07-19 10:00:00
4007dc,LOG23QR ,United Kingdom,1721483212,1721483212,-2.3195,53.9146,10363.2,False,230.1,330.68,0.33,,10660.38,1472,False,0,2024-07-19 10:00:00
aa6914,AAL57   ,United States,1721483211,1721483211,-3.6687,51.7851,9144.0,False,253.51,277.11,0.0,,9418.32,7623,False,0,2024-07-19 10:00:00
4ca9d4,RYR831R ,Ireland,1721483211,1721483211,0.9049,50.9056,10530.84,False,230.45,298.68,7.15,,10919.46,0671,False,0,2024-07-19 10:00:00
4ca9ec,RYR69SR ,Ireland,1721483211,1721483211,-5.6872,53.3948,1996.44,False,121.57,272.91,-4.55,,2019.3,6317,False,0,2024-07-19 10:00:00
4ca9ea,RYR27UQ ,Ireland,1721483211,1721483211,-6.8661,52.8674,6278.88,False,189.4,42.14,-12.03,,6423.66,4473,False,0,2024-07-19 10:00:00
4ca9cd,RYR66XZ ,Ireland,1721483211,1721483212,-5.4287,53.4592,6141.72,False,205.17,97.93,12.68,,6278.88,7663,False,0,2024-07-19 10:00:00
43ea86,MABJA   ,United Kingdom,1721483212,1721483212,-0.4803,51.7534,5151.12,False,191.01,210.78,15.61,,5311.14,2256,False,0,2024-07-19 10:00:00
405fbd,GCFSJ   ,United Kingdom,1721483211,1721483211,0.0031,51.9298,472.44,False,49.31,20.14,-0.33,,,,False,0,2024-07-19 10:00:00
404ce3,GCDDP   ,United Kingdom,1721483211,1721483212,-0.8972,53.6485,822.96,False,42.8,166.8,-0.33,,,7004,False,0,2024-07-19 10:00:00
4ca97a,RYR2786 ,Ireland,1721483212,1721483212,0.3497,52.0787,1485.9,False,103.88,73.9,-2.28,,1531.62,7750,False,0,2024-07-19 10:00:00
4017fd,GAXCA   ,United Kingdom,1721483168,1721483169,0.1513,51.7464,274.32,False,44.95,95.25,-5.53,,281.94,,False,0,2024-07-19 10:00:00
4b38be,BHZ68A  ,Switzerland,1721483211,1721483211,-5.0005,50.4427,312.42,False,78.97,301.41,16.91,,327.66,1731,False,0,2024-07-19 10:00:00
4ca8da,RYR6EY  ,Ireland,1721483104,1721483104,-0.0892,51.7744,3611.88,False,170.97,23.4,-9.1,,3741.42,2764,False,0,2024-07-19 10:00:00
3cd70e,IFA1205 ,Germany,1721483211,1721483212,-2.757,54.0863,11582.4,False,250.26,354.22,0.65,,11894.82,7450,False,0,2024-07-19 10:00:00
4ca84c,RYR24JN ,Ireland,1721483211,1721483211,0.1002,51.8581,1158.24,False,125.94,349.88,13.98,,1188.72,,False,0,2024-07-19 10:00:00
43c99d,TPCLIFFE,United Kingdom,1721483212,1721483212,-1.3994,54.2089,457.2,False,19.21,172.3,-0.65,,480.06,6403,False,0,2024-07-19 10:00:00
ab5648,N83CW   ,United States,1721483211,1721483211,0.1762,50.0115,8938.26,False,216.78,167.25,7.8,,9273.54,2724,False,0,2024-07-19 10:00:00
4ca7b6,RYR1PJ  ,Ireland,1721483211,1721483211,-7.7427,52.3846,6019.8,False,167.22,213.84,-9.1,,6156.96,5436,False,0,2024-07-19 10:00:00
40170f,GAVNO   ,United Kingdom,1721483208,1721483208,0.3335,52.9667,1478.28,False,45.12,151.39,0.0,,1493.52,,False,0,2024-07-19 10:00:00
4ca6fc,RYR96DH ,Ireland,1721483211,1721483211,-5.5696,53.5433,8229.6,False,194.55,98.52,0.0,,8427.72,5154,False,0,2024-07-19 10:00:00
70606f,KAC114  ,Kuwait,1721483211,1721483211,-0.3481,51.0126,10668.0,False,217.9,139.69,0.0,,11064.24,5267,False,0,2024-07-19 10:00:00
4ca801,RYR66WV ,Ireland,1721483211,1721483211,0.2667,51.9062,251.46,False,73.54,222.73,-2.93,,274.32,1254,False,0,2024-07-19 10:00:00
4ca815,RYR1SB  ,Ireland,1721483212,1721483212,-6.3969,51.5548,10972.8,False,236.17,352.36,0.0,,11224.26,5555,False,0,2024-07-19 10:00:00
4ca810,RYR3CA  ,Ireland,1721483211,1721483211,-2.6897,53.6416,11582.4,False,220.68,264.52,0.0,,11894.82,1407,False,0,2024-07-19 10:00:00
a1fcc5,UAL4    ,United States,1721483211,1721483211,-5.8927,57.2208,9753.6,False,276.3,324.09,0.0,,9944.1,6326,False,0,2024-07-19 10:00:00
4ca760,RYR16SJ ,Ireland,1721483189,1721483208,-6.2531,53.4304,,True,0.77,157.5,,,,,False,0,2024-07-19 10:00:00
4ca765,RYR48NM ,Ireland,1721483211,1721483211,-5.8613,53.6722,2834.64,False,138.09,53.94,-3.58,,2880.36,1402,False,0,2024-07-19 10:00:00
4ca761,RYR3WD  ,Ireland,1721483212,1721483212,-5.7004,53.5344,4678.68,False,185.27,88.41,23.73,,4754.88,5165,False,0,2024-07-19 10:00:00
4ca73d,RYR17UZ ,Ireland,1721483211,1721483211,-2.0544,51.8477,11582.4,False,232.84,297.07,0.0,,11925.3,7754,False,0,2024-07-19 10:00:00
4ca73e,RYR8AM  ,Ireland,1721483211,1721483211,-6.1673,53.4157,441.96,False,73.92,275.59,-3.58,,441.96,7441,False,0,2024-07-19 10:00:00
4ca76f,EIN39A  ,Ireland,1721483211,1721483211,-1.0688,53.4931,10972.8,False,226.12,278.24,0.0,,11300.46,1376,False,0,2024-07-19 10:00:00
4ca76a,RYR78YJ ,Ireland,1721483212,1721483212,0.0185,50.0559,11277.6,False,200.29,164.96,0.0,,11681.46,6353,False,0,2024-07-19 10:00:00
405ced,GCFGX   ,United Kingdom,1721483169,1721483171,-1.1163,51.1352,563.88,False,55.58,358.41,-0.33,,,,False,0,2024-07-19 10:00:00
4851af,KLM685  ,Kingdom of the Netherlands,1721483211,1721483211,-2.679,57.242,10355.58,False,275.52,316.89,0.33,,10629.9,2125,False,0,2024-07-19 10:00:00
4ca5c7,,Ireland,1721483017,1721483017,-6.251,53.427,,True,5.14,132.19,,,,,False,0,2024-07-19 10:00:00
501c0b,EXS99SU ,Croatia,1721483211,1721483211,0.5348,51.7438,10972.8,False,230.98,300.96,0.0,,11376.66,3566,False,0,2024-07-19 10:00:00
3c8502,MHV20Y  ,Germany,1721483211,1721483211,1.0582,50.958,3893.82,False,153.25,34.33,-6.18,,4023.36,7560,False,0,2024-07-19 10:00:00
4ca703,RYR2PV  ,Ireland,1721483212,1721483212,-6.4439,53.3315,3444.24,False,163.55,156.26,4.88,,3482.34,1471,False,0,2024-07-19 10:00:00
4029e2,GOKEN   ,United Kingdom,1721483211,1721483212,-1.25,52.5483,1310.64,False,77.21,325.04,-6.5,,1310.64,1177,False,0,2024-07-19 10:00:00
4ca63b,EIN52V  ,Ireland,1721483211,1721483211,0.5115,50.4304,8107.68,False,217.33,144.05,-3.9,,8435.34,6347,False,0,2024-07-19 10:00:00
8880f7,HVN51   ,Viet Nam,1721483104,1721483104,-0.0817,51.6469,2438.4,False,130.15,270.0,0.0,,2514.6,3246,False,0,2024-07-19 10:00:00
4ca647,RYR76TX ,Ireland,1721483211,1721483211,-5.196,52.8961,3954.78,False,161.65,312.68,-8.78,,4023.36,7747,False,0,2024-07-19 10:00:00
4ca614,EIN12W  ,Ireland,1721483211,1721483211,-8.6647,52.9624,8519.16,False,213.69,245.84,3.58,,8679.18,3610,False,0,2024-07-19 10:00:00
4ca61e,RYR7BR  ,Ireland,1721483066,1721483066,-6.2507,53.4203,144.78,False,74.94,275.51,-3.25,,144.78,4227,False,0,2024-07-19 10:00:00
4ca61f,RYR69ME ,Ireland,1721483211,1721483211,-1.2893,51.0789,9296.4,False,209.02,211.62,9.43,,9593.58,2031,False,0,2024-07-19 10:00:00
4ca61c,RYR2VX  ,Ireland,1721483211,1721483211,-2.5778,51.9925,9753.6,False,216.73,297.11,0.0,,10035.54,5454,False,0,2024-07-19 10:00:00
400e13,EZY48JE ,United Kingdom,1721483211,1721483211,-2.8145,53.0334,10066.02,False,198.12,137.74,0.65,,10363.2,7646,False,0,2024-07-19 10:00:00
407667,EZY12MY ,United Kingdom,1721483211,1721483211,0.4168,50.9403,3017.52,False,123.36,226.52,-4.88,,3116.58,2741,False,0,2024-07-19 10:00:00
406316,GTWTR   ,United Kingdom,1721483211,1721483211,-1.0261,51.3629,685.8,False,42.79,242.82,3.25,,693.42,,False,0,2024-07-19 10:00:00
405025,GUZUP   ,United Kingdom,1721483212,1721483212,-0.5286,53.6995,777.24,False,51.81,96.84,0.0,,746.76,4270,False,0,2024-07-19 10:00:00
406306,GVVBO   ,United Kingdom,1721483196,1721483196,-1.2991,51.4566,220.98,False,19.59,240.07,-3.25,,259.08,,False,0,2024-07-19 10:00:00
400d3a,GATSZ   ,United Kingdom,1721483211,1721483211,-0.0618,51.9466,670.56,False,68.34,186.48,0.33,,655.32,,False,0,2024-07-19 10:00:00
c0173e,ACA893  ,Canada,1721483211,1721483211,-1.7635,53.929,9753.6,False,270.79,333.48,0.0,,10043.16,2750,False,0,2024-07-19 10:00:00
4074b6,EZY52JH ,United Kingdom,1721483211,1721483211,-0.2476,51.7708,1905.0,False,141.49,103.88,10.4,,1958.34,3401,False,0,2024-07-19 10:00:00
4cafc4,RYR67KW ,Ireland,1721482924,1721482965,-6.2451,53.42,1920.24,False,77.97,274.92,-4.23,,160.02,1421,False,0,2024-07-19 10:00:00
4cafc0,RYR982B ,Ireland,1721483212,1721483212,-6.0481,53.4089,861.06,False,94.04,275.34,-5.53,,868.68,6275,False,0,2024-07-19 10:00:00
400f02,EZY8781 ,United Kingdom,1721483211,1721483211,0.5093,51.2664,4168.14,False,176.46,89.83,16.58,,4297.68,4632,False,0,2024-07-19 10:00:00
4cafb5,RYR1899 ,Ireland,1721483211,1721483211,-3.7346,53.4886,7315.2,False,193.27,288.15,0.0,,7513.32,6020,False,0,2024-07-19 10:00:00
4076a8,GCKZH   ,United Kingdom,1721483211,1721483211,-0.4619,53.5361,2049.78,False,53.92,318.09,0.0,,2080.26,1177,False,0,2024-07-19 10:00:00
407793,EZY61EU ,United Kingdom,1721483211,1721483211,-2.7114,51.3856,,True,0.0,357.19,,,,,False,0,2024-07-19 10:00:00
40643d,EZY31QZ ,United Kingdom,1721483211,1721483211,1.4995,51.9957,5486.4,False,212.45,293.4,0.0,,5699.76,3545,False,0,2024-07-19 10:00:00
406446,EZY14NL ,United Kingdom,1721483211,1721483211,-6.0675,54.3827,3695.7,False,170.01,149.24,14.31,,3726.18,5473,False,0,2024-07-19 10:00:00
868034,JAL43   ,Japan,1721483211,1721483211,-5.0117,57.1726,11277.6,False,218.5,163.87,0.0,,11498.58,7662,False,0,2024-07-19 10:00:00
4b1a65,EZS53JD ,Switzerland,1721483211,1721483211,-0.611,51.0686,2133.6,False,136.13,237.03,8.13,,2194.56,0553,False,0,2024-07-19 10:00:00
346303,IBE3176 ,Spain,1721483212,1721483212,-1.3607,50.2506,7955.28,False,250.73,17.43,-11.38,,8237.22,7457,False,0,2024-07-19 10:00:00
400dae,EZY157L ,United Kingdom,1721483211,1721483211,-2.162,53.4659,10972.8,False,230.87,320.24,0.0,,11285.22,6464,False,0,2024-07-19 10:00:00
40772f,EZY3169 ,United Kingdom,1721483212,1721483212,-2.6038,55.3787,8923.02,False,219.33,109.45,3.9,,9182.1,5202,False,0,2024-07-19 10:00:00
400da3,GODHB   ,United Kingdom,1721482967,1721482967,-2.3861,53.4848,198.12,False,32.39,190.06,-1.3,,190.5,7365,False,0,2024-07-19 10:00:00
4075f4,TOM688  ,United Kingdom,1721483212,1721483212,-2.2755,53.3564,,True,7.2,140.62,,,,,False,0,2024-07-19 10:00:00
4062f6,GJDRD   ,United Kingdom,1721483211,1721483211,-0.5525,53.6931,937.26,False,63.81,91.39,-0.65,,922.02,4271,False,0,2024-07-19 10:00:00
4062d5,EXS67ND ,United Kingdom,1721483211,1721483211,-1.8729,53.1155,3337.56,False,161.95,322.88,-8.78,,3421.38,5330,False,0,2024-07-19 10:00:00
400afe,EFW1FG  ,United Kingdom,1721482958,1721482958,-0.1327,51.1561,266.7,False,75.27,257.77,-4.23,,312.42,1145,False,0,2024-07-19 10:00:00
406157,GCGCE   ,United Kingdom,1721483210,1721483210,-0.4691,50.9904,358.14,False,40.38,34.09,0.33,,365.76,,False,0,2024-07-19 10:00:00
40746a,GCKUR   ,United Kingdom,1721483210,1721483211,-0.1099,50.8668,495.3,False,31.62,291.97,-0.33,,525.78,,False,0,2024-07-19 10:00:00
401f22,GBIOB   ,United Kingdom,1721483211,1721483211,-0.5573,51.3314,312.42,False,43.9,100.12,3.25,,297.18,,False,0,2024-07-19 10:00:00
3ccb52,DWW118  ,Germany,1721483209,1721483209,-1.6638,53.8635,,True,0.0,225.0,,,,0645,False,0,2024-07-19 10:00:00
86e496,JAL407  ,Japan,1721483208,1721483208,-1.3982,60.4023,12496.8,False,239.97,153.93,-0.33,,12816.84,,False,0,2024-07-19 10:00:00
400af4,GDNOP   ,United Kingdom,1721483211,1721483211,-3.045,50.1503,5509.26,False,78.73,178.88,0.0,,5638.8,6356,False,0,2024-07-19 10:00:00
c02865,CFPHS   ,Canada,1721483211,1721483212,0.3899,51.988,906.78,False,84.47,222.53,-4.23,,929.64,1461,False,0,2024-07-19 10:00:00
4cadb8,RYR2583 ,Ireland,1721483202,1721483207,-2.2768,53.3495,,True,0.0,168.75,,,,,False,0,2024-07-19 10:00:00
4cadfe,RYR15RY ,Ireland,1721483211,1721483211,-3.4574,50.0385,7757.16,False,227.52,188.84,3.58,,7978.14,2014,False,0,2024-07-19 10:00:00
40751c,EXS9QS  ,United Kingdom,1721483211,1721483211,1.4169,50.7273,11582.4,False,233.45,317.77,0.33,,12009.12,5732,False,0,2024-07-19 10:00:00
401ed9,GBIDH   ,United Kingdom,1721483143,1721483144,-0.3703,53.9012,106.68,False,32.45,115.35,-3.25,,76.2,,False,0,2024-07-19 10:00:00
4cadf7,RYR3JT  ,Ireland,1721483211,1721483211,1.7749,51.9344,5265.42,False,199.3,298.02,-5.2,,5463.54,0615,False,0,2024-07-19 10:00:00
406231,CFE4544 ,United Kingdom,1721483211,1721483211,-4.0431,55.8445,1524.0,False,133.91,334.03,-5.2,,1531.62,7513,False,0,2024-07-19 10:00:00
40754b,GSTUU   ,United Kingdom,1721483211,1721483211,-0.2578,51.7006,640.08,False,58.46,83.94,-0.33,,,,False,0,2024-07-19 10:00:00
4bd189,SXS9YX  ,Turkey,1721483211,1721483211,1.426,51.2483,6134.1,False,202.39,101.14,8.78,,6347.46,4726,False,0,2024-07-19 10:00:00
4cae49,RYR2132 ,Ireland,1721483211,1721483211,-3.7138,50.0244,11582.4,False,256.97,5.74,-0.33,,11902.44,7455,False,0,2024-07-19 10:00:00
4073a0,EZY809A ,United Kingdom,1721483211,1721483211,-6.1753,54.7611,2324.1,False,147.26,77.08,21.78,,2308.86,1443,False,0,2024-07-19 10:00:00
4cae68,RYR5SL  ,Ireland,1721483211,1721483211,-4.2439,55.5949,5760.72,False,173.47,216.8,9.75,,5867.4,2061,False,0,2024-07-19 10:00:00
4cae64,RYR68YX ,Ireland,1721483211,1721483211,-4.3478,53.6263,10363.2,False,218.95,274.99,0.33,,10629.9,6031,False,0,2024-07-19 10:00:00
4cae65,RYR4JU  ,Ireland,1721483212,1721483212,-0.3303,51.4099,5341.62,False,184.57,22.28,-5.2,,5524.5,5360,False,0,2024-07-19 10:00:00
4cae66,RYR149Z ,Ireland,1721483211,1721483211,-1.6174,52.1164,3832.86,False,156.93,171.9,12.68,,3931.92,7501,False,0,2024-07-19 10:00:00
401f41,GODAC   ,United Kingdom,1721483211,1721483211,-1.5929,52.8975,411.48,False,36.32,164.39,0.33,,411.48,,False,0,2024-07-19 10:00:00
401f2c,GBIPN   ,United Kingdom,1721483207,1721483211,-0.5125,53.4179,655.32,False,33.5,266.48,0.0,,655.32,,False,0,2024-07-19 10:00:00
aad5ca,AAL333  ,United States,1721483211,1721483211,-4.8869,56.7874,10972.8,False,264.86,295.42,0.0,,11216.64,6156,True,0,2024-07-19 10:00:00
4073f6,GINES   ,United Kingdom,1721483212,1721483212,-0.2305,53.4512,586.74,False,42.33,253.77,-0.33,,579.12,,False,0,2024-07-19 10:00:00
3472cc,IBE3165 ,Spain,1721483211,1721483211,-1.8039,50.3204,9441.18,False,213.89,210.02,9.1,,9768.84,2227,False,0,2024-07-19 10:00:00
4d234e,RYR4ML  ,Malta,1721483211,1721483212,-5.5525,53.2695,2133.6,False,132.62,36.96,0.0,,2148.84,5534,False,0,2024-07-19 10:00:00
4d2385,RYR63WC ,Malta,1721483104,1721483104,-0.1552,51.6412,5334.0,False,199.57,15.4,-10.4,,5524.5,6331,False,0,2024-07-19 10:00:00
401c69,GBEII   ,United Kingdom,1721483177,1721483177,-1.0709,53.7609,320.04,False,33.82,296.18,-1.95,,312.42,0723,False,0,2024-07-19 10:00:00
4cad39,RYR64CK ,Ireland,1721483212,1721483212,-4.3839,52.5263,7376.16,False,205.47,299.39,-7.48,,7597.14,6231,False,0,2024-07-19 10:00:00
4070e6,EXS1YT  ,United Kingdom,1721483211,1721483211,-2.0313,54.0502,10972.8,False,248.8,328.87,0.33,,11269.98,7512,False,0,2024-07-19 10:00:00
4070e4,EXS4VQ  ,United Kingdom,1721483211,1721483211,-1.5225,54.0194,6477.0,False,184.39,301.07,-8.45,,6675.12,3124,False,0,2024-07-19 10:00:00
402f1b,GLUSK   ,United Kingdom,1721483211,1721483211,0.4285,51.7003,579.12,False,36.59,207.65,0.0,,563.88,,False,0,2024-07-19 10:00:00
3c458c,BOX445  ,Germany,1721483211,1721483211,-7.6576,53.1097,11277.6,False,257.66,104.45,0.0,,11521.44,2043,False,0,2024-07-19 10:00:00
4cad51,EAI6F   ,Ireland,1721483211,1721483211,-6.3577,53.4708,777.24,False,86.95,307.55,6.83,,762.0,2010,False,0,2024-07-19 10:00:00
4cad3f,RYR8MU  ,Ireland,1721483211,1721483211,-2.0977,53.4388,876.3,False,89.63,228.26,-5.53,,891.54,7625,False,0,2024-07-19 10:00:00
4cad3a,RYR5593 ,Ireland,1721483211,1721483212,-8.3555,50.396,10972.8,False,239.07,193.44,0.0,,11231.88,4244,False,0,2024-07-19 10:00:00
4cad9f,EAI42A  ,Ireland,1721483211,1721483211,-5.9012,54.2125,4351.02,False,125.9,38.7,2.93,,4411.98,5167,False,0,2024-07-19 10:00:00
402f89,GSRWN   ,United Kingdom,1721483177,1721483180,-1.0807,52.0411,243.84,False,36.53,270.81,-2.93,,228.6,7000,True,0,2024-07-19 10:00:00
4d21ed,RYR3VQ  ,Malta,1721483211,1721483211,0.1384,51.0019,6164.58,False,183.86,317.38,-8.45,,6393.18,5762,False,0,2024-07-19 10:00:00
4cad7a,EIN16C  ,Ireland,1721483126,1721483126,-6.248,53.4218,,True,11.83,95.62,,,,7740,False,0,2024-07-19 10:00:00
4cad7b,EIN168E ,Ireland,1721483014,1721483018,-6.2565,53.4337,,True,6.17,16.88,,,,,False,0,2024-07-19 10:00:00
4cad7c,EIN38W  ,Ireland,1721483067,1721483067,-0.4491,51.4676,,True,0.9,70.31,,,,,False,0,2024-07-19 10:00:00
4cad7e,EIN9AL  ,Ireland,1721483212,1721483212,-0.489,51.6283,2735.58,False,121.57,151.16,-0.98,,2819.4,4221,False,0,2024-07-19 10:00:00
4cad7f,EIN715  ,Ireland,1721483212,1721483212,-7.9417,51.6935,2865.12,False,176.57,265.15,-6.83,,2918.46,1450,False,0,2024-07-19 10:00:00
86e778,ANA215  ,Japan,1721483212,1721483212,-3.0073,54.2699,12489.18,False,238.16,154.54,0.0,,12839.7,6322,False,0,2024-07-19 10:00:00
40734a,GTTEC   ,United Kingdom,1721483211,1721483211,-3.7238,50.5544,1508.76,False,80.34,83.01,0.0,,1531.62,,False,0,2024-07-19 10:00:00
4cabd1,EIN13X  ,Ireland,1721483207,1721483207,-6.2511,53.4271,,True,5.4,326.25,,,,,False,0,2024-07-19 10:00:00
4d2247,RYR96SP ,Malta,1721483211,1721483211,0.4692,51.3737,11277.6,False,234.99,100.6,0.0,,11673.84,2204,False,0,2024-07-19 10:00:00
4d2212,RYR3TF  ,Malta,1721483212,1721483212,-0.099,53.2209,11277.6,False,239.26,91.11,0.0,,11643.36,2277,False,0,2024-07-19 10:00:00
4d2220,RYR84WB ,Malta,1721483211,1721483211,-2.651,53.3308,11277.6,False,227.16,97.29,0.0,,11582.4,1150,False,0,2024-07-19 10:00:00
406018,EZY51HA ,United Kingdom,1721483211,1721483211,-2.294,49.9763,9928.86,False,196.57,203.28,8.45,,10256.52,2020,False,0,2024-07-19 10:00:00
406012,EZY56BR ,United Kingdom,1721483211,1721483211,-1.585,54.9482,9707.88,False,238.32,293.13,-17.23,,10043.16,6671,False,0,2024-07-19 10:00:00
4d2269,RYR4HN  ,Malta,1721483210,1721483211,-5.5632,54.1325,5387.34,False,157.43,212.18,-11.05,,5494.02,1412,False,0,2024-07-19 10:00:00
493293,NJE168N ,Portugal,1721483211,1721483211,-2.1205,52.2523,11887.2,False,211.3,141.62,0.0,,12222.48,2275,False,0,2024-07-19 10:00:00
493289,NJU251D ,Portugal,1721483211,1721483211,-0.8056,51.0801,4320.54,False,136.7,111.64,17.88,,4457.7,2701,False,0,2024-07-19 10:00:00
401d0f,GENTW   ,United Kingdom,1721483211,1721483211,-0.3758,51.7137,640.08,False,51.41,71.93,-1.63,,609.6,,False,0,2024-07-19 10:00:00
4cac23,RYR2291 ,Ireland,1721483212,1721483212,-3.7348,49.9351,9144.0,False,228.57,4.39,0.33,,9410.7,5510,False,0,2024-07-19 10:00:00
4cac7f,RYR7ZD  ,Ireland,1721483211,1721483212,-3.2094,52.8337,3726.18,False,182.27,19.97,-7.48,,3817.62,5351,False,0,2024-07-19 10:00:00
4cac5e,EJVAIS  ,Ireland,1721483137,1721483137,-6.4777,53.3556,152.4,False,46.25,242.86,-3.9,,152.4,3607,False,0,2024-07-19 10:00:00
40700a,EXS3PD  ,United Kingdom,1721483211,1721483211,-0.1476,51.2555,6096.0,False,198.67,324.91,0.0,,6286.5,1064,False,0,2024-07-19 10:00:00
403ffd,GINXS   ,United Kingdom,1721483211,1721483211,-1.0824,53.3788,381.0,False,37.55,99.46,2.28,,358.14,,False,0,2024-07-19 10:00:00
a8f00e,UAL147  ,United States,1721483211,1721483211,-1.75,53.3242,9304.02,False,262.4,326.84,6.18,,9585.96,6226,False,0,2024-07-19 10:00:00
4caada,EAI56RC ,Ireland,1721483211,1721483211,-3.2922,55.9771,358.14,False,58.85,238.95,-3.25,,350.52,6307,False,0,2024-07-19 10:00:00
39d2a9,AFR356  ,France,1721483211,1721483211,-5.7267,56.3774,11277.6,False,269.77,306.78,0.0,,11475.72,5633,False,0,2024-07-19 10:00:00
4b18f0,NUM701  ,Switzerland,1721483211,1721483211,-0.0866,51.2991,8290.56,False,237.64,96.46,7.8,,8580.12,3404,False,0,2024-07-19 10:00:00
407152,HLE10   ,United Kingdom,1721483137,1721483137,-2.3546,50.9872,,True,0.0,222.19,,,,,False,0,2024-07-19 10:00:00
407155,ULR1    ,United Kingdom,1721483211,1721483211,-2.3787,57.4008,525.78,False,76.96,340.47,0.33,,518.16,,False,0,2024-07-19 10:00:00
4b191c,SWR40   ,Switzerland,1721483211,1721483212,-2.3393,54.5582,9753.6,False,268.04,328.66,-0.65,,10035.54,3064,False,0,2024-07-19 10:00:00
401af5,GBBND   ,United Kingdom,1721483208,1721483211,0.0928,51.9968,320.04,False,38.69,324.2,-4.23,,320.04,,False,0,2024-07-19 10:00:00
4b1920,SWR8T   ,Switzerland,1721483204,1721483208,-6.0889,58.0832,9753.6,False,281.28,327.47,0.0,,9921.24,3012,False,0,2024-07-19 10:00:00
398579,AFR1315 ,France,1721483210,1721483211,0.1012,50.7784,8839.2,False,222.66,143.74,0.33,,9166.86,7725,False,0,2024-07-19 10:00:00
407131,VIR105  ,United Kingdom,1721483211,1721483211,-3.4905,56.3861,10965.18,False,283.5,345.28,-0.33,,11247.12,5462,False,0,2024-07-19 10:00:00
40717d,EXS43TL ,United Kingdom,1721483211,1721483211,-2.839,49.9833,6088.38,False,163.8,182.88,-18.21,,6286.5,1411,False,0,2024-07-19 10:00:00
407182,EXS54LP ,United Kingdom,1721483211,1721483212,-1.4628,55.0989,937.26,False,88.07,237.89,-4.23,,952.5,5554,False,0,2024-07-19 10:00:00
407177,EXS1BX  ,United Kingdom,1721483211,1721483211,-4.2112,53.546,6004.56,False,207.8,287.13,9.1,,6141.72,4215,False,0,2024-07-19 10:00:00
a290d0,UAL930  ,United States,1721483211,1721483211,-0.6077,51.6559,3048.0,False,133.98,286.28,0.33,,3147.06,5142,False,0,2024-07-19 10:00:00
4caa53,EAI61L  ,Ireland,1721483211,1721483211,-4.5451,51.4952,5181.6,False,124.85,145.92,0.33,,5303.52,3776,False,0,2024-07-19 10:00:00
4caa54,EAI55YA ,Ireland,1721483194,1721483199,-6.2434,53.4199,175.26,False,57.33,275.15,-2.28,,160.02,7746,False,0,2024-07-19 10:00:00
4caa55,EAI71G  ,Ireland,1721483211,1721483211,-5.8359,53.1279,2133.6,False,128.92,52.95,0.0,,2133.6,6222,False,0,2024-07-19 10:00:00
4b1901,EDW10K  ,Switzerland,1721483211,1721483211,-3.1799,55.499,10363.2,False,264.43,329.74,0.0,,10637.52,3031,False,0,2024-07-19 10:00:00
